Video ID,Title,Published At,Views,Likes,Duration
Ff5SOSRFwpE,Magic Pringles,2025-04-01T17:04:03Z,90655,2343,PT52S
xpZiecZ8VEY,Cutting skill,2025-03-30T06:01:54Z,106889,2923,PT19S
ZkDeL2FWAiQ,Piggy bank,2025-03-30T05:56:09Z,379677,5504,PT31S
-D1SPNNti08,Not enough cola,2025-03-28T14:48:46Z,183075,4790,PT13S
Q-ujfyCdroM,IQ430,2025-03-28T14:27:24Z,9489851,72835,PT30S
iI4oWuhhPb8,Boo!,2025-03-26T16:22:33Z,1041023,12906,PT18S
TTVbph1KLG8,Too late,2025-03-24T15:41:02Z,235943653,2350865,PT12S
X5e7_pEKxMc,Missing eyeballü™Ñ,2025-03-24T13:48:43Z,997009,12285,PT18S
iRDcrF_sqZA,Sister vs sister @natsumeamelia,2025-03-23T16:17:48Z,111550,2346,PT13S
V0DUapt33PY,Sigma boy ‚Äã‚Å†@natsumeamelia,2025-03-23T14:25:31Z,144199,3258,PT33S
aUIfBQ3iKK0,IQ250 @natsumeamelia,2025-03-22T14:08:18Z,1384899,15046,PT20S
SaY0-HqptTA,Giving loveü•∞ @natsumeamelia,2025-03-22T13:41:42Z,502032,9390,PT45S
Z82xGX_bxYs,üëä‚úåÔ∏è‚úã,2025-03-21T10:03:39Z,75628,1779,PT14S
3on5xacDOLQ,Ball challenge,2025-03-21T09:59:05Z,81027,1723,PT10S
WIvLRgjaBig,Rhythm challenge,2025-03-21T09:57:08Z,75875,1596,PT9S
cAd-PJA64p0,üëäüëç‚úã,2025-03-21T09:54:54Z,95410,1628,PT8S
dTnsk3cKcqY,Hand illusion,2025-03-21T09:40:06Z,72459,1434,PT7S
d-NgTCFq9rc,Same size??,2025-03-21T09:35:42Z,84499,1782,PT20S
Tl5kXvYjPyE,Coffee hack,2025-03-21T09:33:42Z,58604,1143,PT13S
QRmsRJDsVIQ,Watermelon seeds,2025-03-21T09:30:40Z,66559,1324,PT15S
Qmn921dnMYg,Coffee hack,2025-03-21T09:32:15Z,52897,1073,PT17S
bR1rhRUioJI,How to steal cake,2025-03-21T09:17:15Z,61450,1384,PT20S
O7piEsXQQTs,Chocolate hand,2025-03-20T09:37:35Z,51941,1454,PT38S
L1afkjoXY9A,Chocolate hand,2025-03-20T09:33:50Z,41735,1197,PT34S
2RXWZGXVb5M,Eternal fingers,2025-03-17T17:14:31Z,65505,1570,PT10S
1yZvFvJY1w0,Extra fingers,2025-03-12T16:46:16Z,62449,1813,PT32S
EqLRw-HdJWE,Mom VS daughter,2025-03-11T13:44:22Z,82379,2443,PT46S
W3Yh2_tF_PA,Bunny egg,2025-03-09T08:20:34Z,62478,2204,PT49S
-GGtJr7eoQ0,Super hands,2025-03-05T02:00:45Z,53860,2452,PT35S
b9X-1siv8OE,Magic Sakura,2025-03-04T05:37:38Z,57158,2451,PT59S
4dXSAcDoTw8,Antigravity @natsumeamelia,2025-03-03T13:45:28Z,93447,3767,PT32S
UdILVKjky90,Lettuce not cabbage,2025-03-03T05:14:44Z,34509,1056,PT31S
vCXg37S88pY,Police VS Magic @natsumeamelia,2025-03-02T15:04:53Z,66219,2586,PT15S
dnjpF12FvBY,Nutella hacks,2025-03-02T14:05:09Z,3893631,109927,PT48S
VqqEOZckupg,Gummy bear string candy,2025-03-02T03:38:01Z,154132,4348,PT33S
7Bhmc9aU2vk,Glue slime,2025-02-28T14:58:40Z,35889,1323,PT34S
l8DMBjraoVQ,Come here legs!,2025-02-28T12:58:26Z,51155,1341,PT15S
ZonGE7QkrVQ,Fanta slime,2025-02-25T09:25:38Z,40443,1390,PT45S
yHBo5lQA82Q,Wireless charger,2025-02-25T08:39:28Z,48451,1434,PT34S
cxUyT9JT1c4,Broken key hack,2025-02-25T05:45:32Z,25358,988,PT38S
ahd7vKFnfKg,Chocolate letters,2025-02-22T15:35:17Z,30665,1339,PT58S
Pm6t1wkGIZs,Hair dye hack,2025-02-22T15:07:01Z,32036,1157,PT57S
_rQ3S_quSdA,Clay ASMR,2025-02-22T14:51:41Z,1258149,25531,PT58S
RDmqv1pSVv0,3D calendar,2025-02-22T14:44:19Z,30765,1212,PT59S
mNEx4g_DPRA,Pez hack,2025-02-22T12:17:14Z,25129,752,PT39S
jrqhHAMvDGY,Hair gel life hack,2025-02-22T11:41:53Z,13602,553,PT53S
azWd0gA7Ano,Foam drainer hack,2025-02-22T11:38:53Z,17765,564,PT33S
no4pEXnoZbE,Cat litter art,2025-02-22T10:56:25Z,13598,393,PT55S
6vXOTMDo2Ik,Super slime,2025-02-18T15:54:00Z,27955,1399,PT59S
LL4OBBVEnOE,Lock VS Magnet,2025-02-17T08:10:39Z,12172,589,PT24S
ZSMDjguL3Pg,Duck cream,2024-10-20T15:21:40Z,106801,5547,PT57S
Oe08Wjd-CNk,Edible Starbucks cup,2024-10-20T15:19:30Z,46855,1987,PT58S
fnRMbygWqLs,Spice absorber,2024-10-20T15:03:35Z,47878,1675,PT55S
GQS6TzLJ-fo,T-Rex treasure,2024-10-20T14:59:08Z,72143,3596,PT55S
JoQ7hcWcqoA,Metal ball hack,2024-10-18T17:39:35Z,47083,1967,PT55S
3xufgrHEULs,squeeze bottle hack,2024-10-17T16:35:35Z,127586,4191,PT37S
d-NW0dMO_5Y,Super glue hack,2024-10-14T01:41:50Z,503028,9700,PT27S
ipUjVOadjeI,Marshmallow hack,2024-10-14T01:40:37Z,69933,3290,PT49S
d_muw1rHx54,Hair dye hack,2024-10-09T16:09:40Z,209310,7043,PT57S
ZOhKbG0L_Ws,DIY fidget toy,2024-10-08T14:50:46Z,138297,5363,PT48S
tMbOUuuxeuc,Winter life hack,2024-10-07T02:55:00Z,64349,2880,PT59S
q4TEubZnrO0,Honey jelly,2024-10-05T03:08:27Z,248461,9119,PT59S
Y3wPJ4F1qBM,Chalk slime,2024-10-04T13:43:00Z,261123,14844,PT58S
Xn6eki7Qg1k,Incredible slime,2024-10-04T13:08:53Z,56248,2212,PT56S
2PLpz86_C2k,Edible popcorn bowl,2024-10-02T17:28:49Z,77247,2822,PT38S
rWfAcMYiubA,Finding seashells,2024-09-30T09:45:24Z,27184,1486,PT26S
HOPHrzAbt7c,DIY confetti,2024-09-28T14:24:40Z,64180,2837,PT52S
oD4ONxfv6jw,Magical water swirlÔøº,2024-09-24T14:15:52Z,700846,25820,PT59S
TjvATL2VZpY,How to clean your iPhone case,2024-09-18T16:25:08Z,5426798,243049,PT47S
Vi0TklymG90,Foil ball hack,2024-09-18T16:21:04Z,62180,2514,PT55S
VobyqBzk4VU,Jumbo chocolate s‚Äômore,2024-09-17T07:31:17Z,75441,3177,PT37S
CYQUnbgzAeU,Marshmallow life hack,2024-09-17T07:29:16Z,77922,3142,PT49S
SBwA7v4ZAxI,Hair braid machine,2024-09-16T07:33:04Z,1213171,31085,PT44S
BXCzie_Wna4,Spirograph,2024-09-13T16:07:56Z,281280,7467,PT52S
XRkecwUmhXk,PETZ life hack,2024-09-12T13:35:06Z,654567,21864,PT30S
rnQUSm14uOQ,Paper bomb hack,2024-09-10T16:21:50Z,2260320,59123,PT41S
wYOJRNDP2MQ,3D calendar,2024-09-09T01:50:23Z,5875343,165637,PT59S
slLtJf0oeRk,Baby Yoda toothpaste,2024-09-07T05:01:44Z,47733638,1087657,PT43S
kxd7rsxS66k,Straw magic,2024-08-22T15:51:43Z,66215,2483,PT13S
i0qe1LkmBr4,Sand donut,2024-08-21T12:11:26Z,27889,1433,PT31S
5ThXKM6LW3s,Watermelon sorbet,2024-08-17T04:03:07Z,146312,5769,PT37S
9u5CJ3KyKEE,DIY confetti,2024-08-15T15:27:47Z,63044,2394,PT52S
nT_OHDzVp5M,Creamy ducky,2024-08-13T04:04:05Z,61869,2176,PT52S
To_ZZuY89FQ,Inside joker‚Äôs head,2024-08-04T01:20:56Z,97243,9129,PT32S
_I1HrqY67ZU,Surprise box,2024-08-01T07:27:04Z,69303,7181,PT43S
o2KfaZb1OUU,Flower shaped foam,2024-07-26T01:47:17Z,232908,12953,PT23S
SCMsek-SHgU,Compressed T-shirt,2024-07-23T01:54:06Z,116587,10223,PT58S
fBoeEbyprBU,Starch life hack,2024-07-19T03:05:24Z,123616,10307,PT1M
yhHg1K7IKQo,Starch hack,2024-07-19T03:03:48Z,60199,7955,PT49S
CkiL9UrQiNQ,Spiral bubble,2024-07-17T03:24:17Z,43724,6815,PT50S
I_GIcvWsWk4,DIY drunk elephant,2024-07-17T03:20:37Z,215563,10241,PT41S
NFXHro6u_T4,Pine cone mystery,2024-07-17T01:44:16Z,171449,9478,PT26S
llgfs45j4k4,Mini bag sealer,2024-07-16T01:54:00Z,335501,11662,PT49S
JgstClQdnnU,Potato chip maker,2024-07-07T15:29:49Z,49149,7074,PT31S
ilBBT2lutNw,Salt+sugar =?,2024-07-07T15:23:12Z,90249,7556,PT38S
Bw1eEBH57yk,Spider web shooter,2024-06-08T07:08:49Z,55922,6835,PT23S
sFGEXYmERzI,Microwaved soap,2024-06-02T04:54:48Z,265672,11136,PT23S
34hGPNUEh-A,Ducky whipped cream,2024-05-18T17:43:18Z,2322195,84863,PT52S
TDOGjPw2R4U,Watermelon charger,2024-05-16T03:25:41Z,551370,16713,PT28S
DNzkBqfxH5k,Secret bracelet,2024-05-11T05:34:57Z,7538105,131948,PT41S
lNEocdJW3zc,Water,2024-11-18T15:04:08Z,68941,2275,PT13S
UQmOEdliOII,Tape balloon,2024-11-18T04:22:31Z,182227,11021,PT57S
WLWrLgH6uGg,Money gun,2024-11-18T04:21:37Z,98567,3171,PT37S
SnALhlM3k3c,Frisbee hack,2024-11-18T04:20:01Z,51515,1686,PT57S
HM-ZqjTRtlQ,Hot water magic,2024-11-17T11:54:40Z,71515,2908,PT59S
fmwyS5A5xEk,Foam drain cleaner,2024-11-17T11:51:31Z,78475,3321,PT33S
QCgXWgs0Jl8,Wireless charger hack,2024-11-17T11:39:21Z,48455,1448,PT34S
3GdiBHELyX0,The rainbow rose,2024-11-17T11:36:24Z,60796,2505,PT40S
R6IC0eaJcGw,Home Screen hack,2024-11-17T10:13:32Z,55770,2619,PT40S
edYd7UST_dU,Spooky nights,2024-11-17T01:33:20Z,38664,1223,PT57S
QBKxK6m-gEA,Baby Yoda in toothpaste,2024-11-16T11:11:16Z,79040,3022,PT43S
TcjlKvpjOcs,Glove controlled car,2024-11-16T10:04:37Z,47372,1761,PT59S
K0feaNLIG_s,Toothpaste life hack,2024-11-16T10:01:26Z,82587,2344,PT56S
nj4IctXf2mo,Extra fingers,2024-11-16T10:00:07Z,37562,1985,PT11S
6Qq0-fLY4U8,Incredible slime,2024-11-16T09:49:19Z,32366,1137,PT58S
y6TfpFloGWM,Cheers ‚Äã‚Å†@natsumeamelia,2024-11-15T15:51:37Z,47400,1215,PT16S
-snnC3jNwCY,Spooky night @natsumeamelia,2024-11-15T13:56:28Z,51116,1393,PT17S
8B8mZddZrzI,Check out‚û°Ô∏éFunny Video Compilation,2024-11-14T02:21:37Z,46539,338,PT21M47S
2QElUQXCiss,Check out‚û°Ô∏é Funny Alina Saito Compilation,2024-11-13T14:43:40Z,28675,244,PT21M47S
cV88evUhbMw,Spooky night BTS @natsumeamelia,2024-11-10T14:56:46Z,47793,1700,PT17S
a5SBVG8hPtA,Bunny,2024-11-10T03:30:24Z,60736,3323,PT59S
FBMrpH6UBbc,Spooky night,2024-11-09T15:27:33Z,33997,1570,PT11S
Hj5DLEFCe6Y,Click‚û°Ô∏é Alina Saito Compilation,2024-11-09T07:22:06Z,10595,157,PT20M1S
kFa-tDgw0Zs,Rose ‚Äã‚Å†@natsumeamelia,2024-11-08T11:48:15Z,41554,1866,PT38S
IKfkDNvr_BY,Color changing soda,2024-11-06T04:47:09Z,172577,4812,PT40S
ykcZr4Px77k,Salt+sugar,2024-11-06T04:45:47Z,73461,2634,PT38S
zvZIwAxtn5E,Potato chip maker,2024-11-06T04:44:41Z,52746,2019,PT37S
l4qOuFVYLP0,Fanta slime,2024-11-03T09:54:24Z,64500,2732,PT45S
zy1O5tANNAc,Chocolate letters,2024-11-03T09:52:27Z,37926,1471,PT58S
EDyBn8XWCLE,Lettuce not cabbage!,2024-11-03T09:13:27Z,31800,1556,PT31S
UHVeYzjBv_M,Juice popcicle,2024-11-02T06:08:21Z,32955,1421,PT44S
14nNcqlOQMM,Spiral cucumber,2024-11-02T05:59:42Z,221124,8240,PT37S
QCXeHWfjXlY,Ketchup cleaning hack,2024-11-02T05:52:14Z,44160,1381,PT31S
yM4rJ9IyiSk,String balloon,2024-11-02T05:49:55Z,32414,1117,PT59S
dmzOI2uPOFc,Apple peeling hack,2024-11-02T05:47:36Z,106964,3079,PT39S
sX6kL1MxB1A,Sunflower seed splitter,2024-11-02T05:45:44Z,29442,884,PT26S
0MRry-u6HYE,Banana hack,2024-10-29T07:32:03Z,66022,2975,PT54S
bCLM3u6gtEo,DIY plastic sunglasses,2024-10-29T07:29:54Z,54705,2648,PT24S
5sc9E-APfKc,Rainbow popcorn,2024-10-29T07:30:59Z,169918,7235,PT44S
jY7zetLTHT8,3D calendar,2024-10-27T06:06:39Z,58171,2966,PT59S
35TY7SjBB2k,Spiral cucumber,2024-10-27T06:01:50Z,47818,2159,PT37S
bh5dATWB66k,Watermelon sorbet,2024-10-27T05:59:03Z,53446,2445,PT37S
hdUdJVhNIFY,Sea grapes,2024-10-26T11:13:23Z,43676,1553,PT29S
eQX8GYY9XV0,Sea grapes,2024-10-26T11:12:17Z,81546,2367,PT23S
_JgYNN7Jn10,Extra fingers,2024-10-25T17:57:30Z,75476,4055,PT10S
QxP0C91P86E,Glove controlled car,2024-10-25T17:55:17Z,93422,3347,PT59S
mLtuO2JZjgw,We are happy,2024-10-25T17:51:54Z,62824,2025,PT25S
Ns49mf6bkzc,We are happy,2024-10-25T17:50:47Z,63861,2438,PT25S
Dy1yHeea7XI,Spiral bubble,2024-10-24T15:13:30Z,64944,2708,PT59S
1pufMBCAXBM,Carrot vs Pepsi,2024-10-24T15:10:09Z,73530,2922,PT30S
x1B8SUPBWmM,Surprise box,2024-10-24T15:10:56Z,44823,2015,PT43S
7CK-T7P_SRc,Rice puff recipe,2024-10-24T15:09:02Z,55578,2961,PT33S
EdLTt6ojVJw,Hair gel life hack,2024-10-24T15:06:42Z,29765,1482,PT53S
ilrnWW4erIk,Flower shaped soap,2024-10-24T15:07:43Z,47631,1467,PT23S
xqlMOvOArH4,Edible popcorn bowl,2024-10-24T15:05:19Z,27559,918,PT38S
91NwGZHG980,Escalator sanitizer,2024-10-22T15:39:20Z,4718015,135836,PT59S
lmHUvRO2iEs,Apple peeling hack,2024-10-21T01:55:26Z,303898,11352,PT39S
Y6TkGZ5muZo,Apple peeling hack,2024-10-21T01:52:09Z,59007,2768,PT34S
ZSMDjguL3Pg,Duck cream,2024-10-20T15:21:40Z,106798,5547,PT57S
Oe08Wjd-CNk,Edible Starbucks cup,2024-10-20T15:19:30Z,46853,1987,PT58S
fnRMbygWqLs,Spice absorber,2024-10-20T15:03:35Z,47878,1675,PT55S
57AS7wpIl24,Waterproof sand,2024-10-20T15:01:29Z,49043,2024,PT58S
GQS6TzLJ-fo,T-Rex treasure,2024-10-20T14:59:08Z,72143,3596,PT55S
JoQ7hcWcqoA,Metal ball hack,2024-10-18T17:39:35Z,47083,1967,PT55S
3xufgrHEULs,squeeze bottle hack,2024-10-17T16:35:35Z,127586,4191,PT37S
d-NW0dMO_5Y,Super glue hack,2024-10-14T01:41:50Z,503032,9700,PT27S
fb93v5xXjXg,Paper bomb hack,2024-10-14T01:39:19Z,51573,2410,PT41S
ipUjVOadjeI,Marshmallow hack,2024-10-14T01:40:37Z,69933,3290,PT49S
wZt63G-eo1c,Infinity chocolate,2024-10-14T01:36:56Z,50020,2162,PT48S
o7vrJrEIfh4,Jumbo chocolate s‚Äômore,2024-10-13T15:58:58Z,55786,2271,PT37S
vTsHNiM-5W8,Mysterious fabric,2024-10-13T15:57:06Z,217117,8435,PT57S
dyGxAJ-4P04,Gummy bear string candy,2024-10-13T15:58:01Z,595240,13761,PT33S
Lrn-m_6-mdc,Popping color pen,2024-10-11T15:17:16Z,408601,10230,PT46S
Hvm2NBxTdpE,Bird watching hack,2024-10-11T15:16:13Z,69693,2525,PT59S
mZW4Bsu7fjs,Golden egg maker,2024-10-11T14:52:25Z,68704,2622,PT59S
H6yG5Rr-lVs,Shrinking picture,2024-10-10T16:39:56Z,41746,1686,PT59S
V3vpyTUNiCc,Water fireworks,2024-10-09T16:14:03Z,86951,4238,PT58S
lHX5g1zg63I,3D calendar,2024-10-09T16:11:09Z,62771,2833,PT59S
d_muw1rHx54,Hair dye hack,2024-10-09T16:09:40Z,209310,7043,PT57S
qIXEDgg_Wpk,Secret bracelet,2024-10-09T16:08:02Z,62261,2151,PT41S
4gsjzhZT_5c,Winter life hack,2024-10-08T14:53:22Z,1825209,47238,PT59S
2HMEovg3sH8,Cat litter art,2024-10-08T14:54:33Z,59266,2314,PT55S
ZOhKbG0L_Ws,DIY fidget toy,2024-10-08T14:50:46Z,138297,5363,PT48S
tMbOUuuxeuc,Winter life hack,2024-10-07T02:55:00Z,64348,2880,PT59S
3fe9z8g-fvQ,Spirograph,2024-10-07T02:48:17Z,69595,2717,PT1M
pCWdwc7oCsI,Wireless charger hack,2024-10-06T01:40:58Z,519608,10874,PT34S
tLnqDiA-WwY,The noodle stamp,2024-10-05T03:14:33Z,484181,12740,PT48S
q4TEubZnrO0,Honey jelly,2024-10-05T03:08:27Z,248461,9119,PT59S
Y3wPJ4F1qBM,Chalk slime,2024-10-04T13:43:00Z,261121,14844,PT58S
oHGvcChnHuM,Toothpaste life hack,2024-10-04T13:41:05Z,131018,3778,PT56S
Xn6eki7Qg1k,Incredible slime,2024-10-04T13:08:53Z,56247,2212,PT56S
2PLpz86_C2k,Edible popcorn bowl,2024-10-02T17:28:49Z,77247,2822,PT38S
pfUSuFWsF9g,#lifehacks,2024-10-02T17:27:33Z,199284,10938,PT57S
rWfAcMYiubA,Finding seashells,2024-09-30T09:45:24Z,27183,1486,PT26S
8LUsbU6okpI,DIY squeeze bottle,2024-09-29T16:01:41Z,2526926,47375,PT37S
KJXx0xzy_uE,Frozen egg hack,2024-09-29T08:41:17Z,88083,3761,PT49S
AV9vR0Oxsyg,Frozen egg hack,2024-09-29T08:39:08Z,31392,1696,PT37S
hcYlE8rhOjU,Juice popcicle,2024-09-28T14:37:27Z,3047639,99016,PT44S
9JiPNjlodj8,Watermelon fruit jello,2024-09-28T14:25:28Z,497953,16973,PT40S
HOPHrzAbt7c,DIY confetti,2024-09-28T14:24:40Z,64180,2837,PT52S
AV9vR0Oxsyg,Frozen egg hack,2024-09-29T08:39:08Z,31392,1696,PT37S
hcYlE8rhOjU,Juice popcicle,2024-09-28T14:37:27Z,3047639,99016,PT44S
9JiPNjlodj8,Watermelon fruit jello,2024-09-28T14:25:28Z,497953,16973,PT40S
HOPHrzAbt7c,DIY confetti,2024-09-28T14:24:40Z,64180,2837,PT52S
PCKT7vs6SL4,Floating apple @natsumeamelia,2024-09-28T12:06:52Z,59126,2320,PT11S
qQigC_PafUA,Tattoo hack,2024-09-26T11:49:53Z,83546,3227,PT29S
KZza8JvOBT0,Antigravity water,2024-09-26T11:30:50Z,189156,5546,PT52S
oD4ONxfv6jw,Magical water swirlÔøº,2024-09-24T14:15:52Z,700846,25820,PT59S
rHMksrOgYoQ,Carrot vs Pepsi,2024-09-24T14:13:49Z,1823901,46293,PT30S
oxJ6fXUrOxQ,Surprise box trick,2024-09-24T14:12:44Z,63628,2840,PT43S
TcxTVNa5bFQ,Upside down water,2024-09-24T14:10:16Z,765267,23010,PT27S
DmMQ5cvV4iU,Spiral bubble,2024-09-23T15:01:00Z,130979,5568,PT59S
SJZCkj7ZCB8,Super glue hack,2024-09-23T14:54:18Z,6614404,104599,PT27S
XuFbK2_hgrg,Inside joker‚Äôs head,2024-09-21T11:58:47Z,4141113,166887,PT41S
ctWp1AtBfRM,Duck cream,2024-09-19T17:56:49Z,167283,8367,PT55S
_Lq5QjZWZMA,Water fireworks,2024-09-19T17:53:48Z,2193787,58118,PT58S
4q_muBZOsnI,Extra fingers,2024-09-19T17:52:32Z,87225,4882,PT14S
TjvATL2VZpY,How to clean your iPhone case,2024-09-18T16:25:08Z,5426798,243049,PT47S
RA5aoM-nmAg,Compressed towel,2024-09-18T16:21:40Z,3954341,93468,PT32S
Vi0TklymG90,Foil ball hack,2024-09-18T16:21:04Z,62176,2514,PT55S
VobyqBzk4VU,Jumbo chocolate s‚Äômore,2024-09-17T07:31:17Z,75441,3177,PT37S
CYQUnbgzAeU,Marshmallow life hack,2024-09-17T07:29:16Z,77912,3142,PT49S
qaidl65GwQ0,Cola capsules,2024-09-16T07:40:11Z,260512,11340,PT54S
cK2-JCHrCaA,Chip bag hack,2024-09-16T07:36:59Z,7203183,159236,PT31S
SBwA7v4ZAxI,Hair braid machine,2024-09-16T07:33:04Z,1213171,31085,PT44S
42yMIOzyCao,Home Screen life hack,2024-09-16T07:31:09Z,2751725,69494,PT40S
NP_pRLeRghU,Gummy bear string candy,2024-09-15T05:34:39Z,8564615,195285,PT33S
Fuh7PbYhLBo,Hair dye life hack,2024-09-14T16:29:20Z,608553,22459,PT56S
WZSVua0UXeg,Clay ASMR,2024-09-14T15:55:31Z,8431500,162352,PT57S
BXCzie_Wna4,Spirograph,2024-09-13T16:07:56Z,281280,7467,PT52S
HNOb3-8JGYE,Money gun,2024-09-13T16:06:24Z,76220,2987,PT37S
-QEH14Oxw34,Spinning frisbee life hack,2024-09-13T16:02:14Z,44340,1453,PT57S
luZ3CZkM9_4,Chocolate hack,2024-09-12T15:30:20Z,147569,8068,PT33S
3OijnnMZdE8,Shrinking picture,2024-09-12T13:39:20Z,30309518,665216,PT59S
EwRs6zm0c-Y,DIY squeeze bottle,2024-09-12T13:40:16Z,944274,25485,PT37S
XWIwMXhFBek,Watermelon fruit jello,2024-09-12T13:36:56Z,2161520,64862,PT40S
XRkecwUmhXk,PETZ life hack,2024-09-12T13:35:06Z,654550,21864,PT30S
MkRVAn9tOmg,Spider web shooter,2024-09-12T13:35:47Z,255539,5936,PT30S
4rbSXQDt_2o,Water beads,2024-09-10T16:26:43Z,12871174,204030,PT36S
MJRSyMeK_48,Bird feeding life hack,2024-09-10T16:24:58Z,5787445,94689,PT59S
JjHBjPERF30,DIY fidget toy,2024-09-10T16:23:16Z,55958132,1146145,PT48S
rnQUSm14uOQ,Paper bomb hack,2024-09-10T16:21:50Z,2260320,59123,PT41S
wYOJRNDP2MQ,3D calendar,2024-09-09T01:50:23Z,5875343,165637,PT59S
Duyyq_Zkl2g,Starch life hack,2024-09-09T01:41:28Z,495947,24890,PT1M
adP-4czpbhk,Foam drainer,2024-09-08T14:38:06Z,30301189,601641,PT33S
iKRP4F3ibP4,Wireless charger,2024-09-07T06:35:44Z,24639011,586891,PT34S
BHVA5VUIWSg,Mac USB,2024-09-07T05:57:25Z,93062752,2275587,PT59S
slLtJf0oeRk,Baby Yoda toothpaste,2024-09-07T05:01:44Z,47733638,1087657,PT43S
fKMC3Lr-SBc,Toothpaste life hack,2024-09-07T04:47:03Z,32193104,718081,PT56S
5CzP7TZ5lEI,Incredible slime,2024-09-05T09:14:26Z,71888,2863,PT59S
4S4SYt5gpI8,Mini bag sealer,2024-09-05T09:06:32Z,81855165,1985109,PT58S
6hEpy926fHM,Mini bag sealer,2024-09-05T09:04:36Z,3845986,60167,PT49S
t01gMDPcVkA,sunflower seed splitter,2024-09-05T05:02:59Z,77277,1778,PT21S
q3QClwgKWT8,Sunflower seed splitter,2024-09-05T05:03:41Z,1485293,18194,PT26S
RNXk_vVkFOE,Ball challenge,2024-09-03T06:06:02Z,62983,2105,PT9S
5NSoKBUkW_8,This was way too hard,2024-09-03T05:53:03Z,28616,N/A,PT10S
nCWLHddRReM,üëç,2024-08-30T14:15:05Z,62883,1914,PT8S
02FeY_aRb9k,Same size!?,2024-08-24T15:31:00Z,3395307,70488,PT20S
kxd7rsxS66k,Straw magic,2024-08-22T15:51:43Z,66215,2483,PT13S
i0qe1LkmBr4,Sand donut,2024-08-21T12:11:26Z,27889,1433,PT31S
Yb76x5tgHtw,Life hacks,2024-08-20T07:12:54Z,279259,16172,PT57S
oneTrrXPIek,Edible popcorn bowl,2024-08-18T03:20:01Z,77314,3168,PT38S
Wp5mnPAMoPk,Edible popcorn bowl,2024-08-18T03:17:59Z,43419,1954,PT28S
kvREJFpU92A,Cake stealing life hacküç∞üòé,2024-08-17T16:03:15Z,466610,16847,PT20S
5ThXKM6LW3s,Watermelon sorbet,2024-08-17T04:03:07Z,146315,5769,PT37S
K0bQiBknMpg,Watermelon sorbet,2024-08-17T04:01:20Z,24378,1131,PT25S
MFJI1lfPrag,Spiral cucumber,2024-08-17T02:31:31Z,92482,3270,PT37S
tqS1PQ3i8qo,Spiral cucumber,2024-08-17T02:29:59Z,133560,3598,PT32S
6yC_3hL_YMQ,Popcorn life hack,2024-08-16T06:25:15Z,36951,1698,PT45S
8UQa5IGZenc,DIY squeeze bottle,2024-08-15T16:12:58Z,6547910,143210,PT37S
ddkjxSODVFk,DIY squeeze bottle,2024-08-15T16:12:10Z,33521,1181,PT33S
9u5CJ3KyKEE,DIY confetti,2024-08-15T15:27:47Z,63044,2394,PT52S
T9_lrnZakGY,DIY confetti,2024-08-15T13:41:42Z,21878,1029,PT50S
nT_OHDzVp5M,Creamy ducky,2024-08-13T04:04:05Z,61869,2176,PT52S
4monPrCNjwU,Creamy ducky,2024-08-13T04:04:04Z,148400,4653,PT55S
rbk4O1CcGLc,Jumbo chocolate s‚Äômore,2024-08-13T02:01:31Z,163312,4853,PT37S
QClBbYglgMk,Spice absorber,2024-08-10T02:39:54Z,107220,3994,PT55S
ZBuB9iEgjp8,Black egg magic,2024-08-09T16:57:54Z,12849,723,PT38S
F-ApZCZYSu0,Juice popcicle,2024-08-09T16:48:50Z,730528,33395,PT44S
x48PQCU9n1s,Ketchup life hack,2024-08-09T15:49:39Z,66588,2190,PT36S
To_ZZuY89FQ,Inside joker‚Äôs head,2024-08-04T01:20:56Z,97243,9129,PT32S
C6lma_xln3c,Shrinking picture,2024-08-04T01:10:08Z,470223,17442,PT44S
0C6HKyqwiro,Secret calendar,2024-08-02T03:14:52Z,378423,24144,PT59S
m0oyq3MyKIQ,Chocolate Starbucks Cup,2024-08-02T03:10:23Z,176289,11905,PT58S
EWr0ai8iEc0,Duck Sushi,2024-08-02T02:43:38Z,9737479,199439,PT54S
hdBkd6VYaXI,Instant hair braider,2024-08-01T08:28:49Z,73804,8017,PT44S
gY51UunKIIs,DIY Barbie dress,2024-08-01T08:23:13Z,328196,13895,PT32S
FluPffq3otc,Tofu anemone,2024-08-01T08:20:07Z,46543,7259,PT48S
5G_1G_eX10s,Chain fountain,2024-08-01T08:16:16Z,40270,6735,PT25S
_I1HrqY67ZU,Surprise box,2024-08-01T07:27:04Z,69303,7181,PT43S
8ICS9gP6EWE,Funny VideoüòÇüòÇüòÇ Alina Saito Compilation,2024-07-29T09:49:09Z,50145,543,PT25M11S
F4pwu7zkxhw,How to clean your iPhone speaker,2024-07-29T07:21:10Z,152327,10824,PT27S
pXd3lI2sZtg,How to clean your iPhone speaker,2024-07-29T07:19:30Z,25239,1096,PT24S
o2KfaZb1OUU,Flower shaped foam,2024-07-26T01:47:17Z,232908,12953,PT23S
wXU9Bb8MqgA,Flower shaped soap,2024-07-26T01:42:41Z,38530,7119,PT16S
SCMsek-SHgU,Compressed T-shirt,2024-07-23T01:54:06Z,116586,10223,PT58S
fBoeEbyprBU,Starch life hack,2024-07-19T03:05:24Z,123616,10307,PT1M
yhHg1K7IKQo,Starch hack,2024-07-19T03:03:48Z,60199,7955,PT49S
G46hr3IZhxk,Baby Yoda in toothpaste,2024-07-19T02:53:45Z,4140677,89567,PT43S
oUTBUB0KpT0,Coke+Carrot=?,2024-07-18T04:25:33Z,34093,6511,PT26S
CkiL9UrQiNQ,Spiral bubble,2024-07-17T03:24:17Z,43722,6815,PT50S
I_GIcvWsWk4,DIY drunk elephant,2024-07-17T03:20:37Z,215560,10241,PT41S
NFXHro6u_T4,Pine cone mystery,2024-07-17T01:44:16Z,171449,9478,PT26S
3RNTTWEe_98,Rainbow tape ball,2024-07-16T02:25:20Z,601283,19631,PT59S
lFLWk_B_a3I,Rainbow drink,2024-07-16T02:11:44Z,146097,6116,PT1M
sNphAwXkvKI,Rainbow drink,2024-07-16T02:07:37Z,42462,6627,PT47S
DEBTHBEylk8,Mini bag sealer,2024-07-16T01:57:48Z,938981,25833,PT58S
llgfs45j4k4,Mini bag sealer,2024-07-16T01:54:00Z,335499,11662,PT49S
mGmZOD7En0E,Money gun,2024-07-16T01:42:47Z,49149,6782,PT30S
BlNg1srNej8,Marker fish,2024-07-08T06:06:23Z,194130,11983,PT35S
JgstClQdnnU,Potato chip maker,2024-07-07T15:29:49Z,49149,7074,PT31S
ilBBT2lutNw,Salt+sugar =?,2024-07-07T15:23:12Z,90249,7556,PT38S
gezPhnEq9n0,Salt+sugar=?,2024-07-07T15:20:15Z,29475,5977,PT28S
c8NpNzcVWfc,Magic Sakura,2024-07-06T06:46:32Z,634391,36119,PT59S
wALwkkdT9c0,Magic Sakura,2024-07-06T06:41:52Z,106514,8913,PT57S
aMqYF9s_2e0,Pop tube ASMR,2024-07-06T06:23:56Z,307548,12710,PT59S
25OJuSYgkdo,"July 6, 2024",2024-07-06T05:03:13Z,70878,6668,PT16S
stGkLnIklqM,How to clean your iPhone case,2024-07-06T03:15:50Z,70648,7153,PT47S
HbyiPSs1nno,Banana life hack,2024-07-04T09:44:21Z,132338,9235,PT54S
5EwKWh4rH7o,Red Bull jelly,2024-06-25T08:37:47Z,60564,7333,PT27S
A7btS_-bZ_E,Rainbow popcorn,2024-06-22T14:40:16Z,101403,8650,PT42S
opweqL-ivCQ,Upside down water,2024-06-18T03:09:24Z,2007028,65693,PT27S
YcLpnbdNoko,DIY plastic sunglasses,2024-06-13T13:49:21Z,60823,7528,PT17S
tLI0imSCYms,Instant Rice puff,2024-06-08T07:36:34Z,101640,8984,PT30S
VqbSIQE8kRQ,3D panda calendar,2024-06-08T07:24:49Z,652947,26692,PT59S
QdFE_ubrUD8,3D panda calendar,2024-06-08T07:22:23Z,85022,7893,PT25S
wEYhOAvtMcM,Magic plastic,2024-06-08T07:20:35Z,629337,27540,PT59S
OadSYajxaKs,Spider web shooter,2024-06-08T07:10:16Z,326607,12313,PT30S
sO0QGblepTU,Chocolate Starbucks cup,2024-06-08T07:07:52Z,2357777,96136,PT58S
Bw1eEBH57yk,Spider web shooter,2024-06-08T07:08:49Z,55916,6835,PT23S
ElJMCnMmbkk,Chocolate Starbucks cup,2024-06-08T07:06:35Z,53572,6962,PT42S
dPAfilnOwX8,Hair braiding machine,2024-06-08T07:05:04Z,539623,18582,PT44S
8qZ2CZBOCQ8,Chocolate orange jelly,2024-06-02T16:03:05Z,5125627,163710,PT48S
sFGEXYmERzI,Microwaved soap,2024-06-02T04:54:48Z,265672,11136,PT23S
60Nqy1dUeqw,Microwaved soap,2024-06-02T04:53:16Z,55405,3191,PT16S
UY7M6R5j_Ys,DIY slime,2024-05-28T17:25:05Z,248302,9921,PT28S
D_uxVILrn8c,Watermelon fruit jello,2024-05-26T06:16:05Z,155952,6496,PT35S
P-1S9-ThWcA,PETZ life hack,2024-05-25T15:16:07Z,253377,8244,PT30S
wutpvwCou7U,Ducky whipped cream,2024-05-18T17:45:29Z,535639,17748,PT55S
34hGPNUEh-A,Ducky whipped cream,2024-05-18T17:43:18Z,2322195,84863,PT52S
dnQ9xFt6Lso,Jumbo chocolate s‚Äômore,2024-05-17T06:08:46Z,11417672,400412,PT37S
TDOGjPw2R4U,Watermelon charger,2024-05-16T03:25:41Z,551371,16713,PT28S
wp19o8f4obk,Spice absorber,2024-05-16T03:19:55Z,108679,4698,PT53S
DNzkBqfxH5k,Secret bracelet,2024-05-11T05:34:57Z,7538105,131948,PT41S
1uKRP2NBa78,Secret bracelet,2024-05-11T05:31:06Z,28944753,382841,PT35S
4l1qk276jmE,Popping color pen,2024-05-06T17:34:39Z,20396824,430661,PT46S
uOQ9cubjxBc,Popping color pen,2024-05-06T17:32:36Z,789710,13347,PT38S
kXbK1Xl0YzA,Duck butter #lifehacks,2024-05-06T06:59:38Z,1773356,54317,PT43S
VVmFE8FO4L0,Duck butter #lifehacks,2024-05-06T06:57:34Z,219521,7125,PT40S
xZA2EUBU47E,Ketchup life hack,2024-05-04T10:07:15Z,441981,21585,PT36S
xZA2EUBU47E,Ketchup life hack,2024-05-04T10:07:15Z,441981,21585,PT36S
h-uzgw9UYRY,Ketchup life hack,2024-05-04T10:06:10Z,71278,3807,PT33S
F1a8WR5D3lo,Rice puff surprise,2024-05-03T05:11:27Z,148801,6486,PT30S
yxoVzDaN4Cc,Spider man shooter,2024-04-28T07:40:12Z,76953,3585,PT23S
tE1aRft1SbE,Inside Joker‚Äôs head,2024-04-28T05:08:29Z,2867112,98259,PT41S
z6ooWJw_8eU,Shrinking picture,2024-04-25T17:44:00Z,19932634,535155,PT59S
jSj5Vt4BUBs,Shrinking picture,2024-04-25T17:41:31Z,262958,6815,PT42S
dGB9iz2ivgQ,Chocolate Starbucks cup,2024-04-18T05:50:19Z,695580,34700,PT58S
sjDtlwDZptU,Chocolate Starbucks cup,2024-04-18T05:48:04Z,97632,4858,PT42S
SnlNoVLny7M,Duck sushi,2024-04-15T16:47:47Z,99247241,1985435,PT54S
Db5xLVhNcz4,Duck Sushi,2024-04-15T16:43:33Z,10171188,164770,PT50S
tU5IHN9g7wI,Instant braid machine,2024-04-13T16:28:31Z,12041742,262765,PT44S
srXnvjM6JTQ,Instant braid machine,2024-04-13T16:27:10Z,216975,7500,PT26S
0bMPaQuFi1w,DIY Barbie dress,2024-04-12T04:42:53Z,281222,11533,PT23S
Bb0BAPvlg-A,Compressed towel,2024-04-06T16:31:19Z,2002852,45852,PT31S
A8F-_bRd41w,Compressed towel,2024-04-06T16:28:47Z,20268573,382308,PT27S
rBJUA3Gf1X8,Tofu anemone,2024-04-06T09:53:57Z,4087131,149774,PT48S
D8MPmHm7-IQ,Tofu anemone,2024-04-06T09:50:12Z,87948,5152,PT46S
I87zSOjgbQE,Compressed towel,2024-04-03T15:49:30Z,6165486,147101,PT32S
LKrc7Ey9yPI,DIY rainbow light,2024-04-02T15:44:18Z,31747880,823192,PT58S
co08YiPAnEk,DIY rainbow light,2024-04-02T15:41:27Z,4104484,79948,PT54S
6gHt-uJPmq0,Starch life hack,2024-03-26T17:26:25Z,99874,5580,PT48S
00MgwIbI4Hc,How to clean ketchup #lifehacks,2024-03-25T16:22:28Z,676809,21457,PT31S
2H10oaU7-Dw,How to clean ketchup,2024-03-25T16:21:10Z,78693,4283,PT19S
OF0HaWcYlIY,Baby Yoda toothpaste cap,2024-03-23T09:01:47Z,87881849,1869277,PT43S
YNUBrSXR9Qs,Baby Yoda toothpaste cap,2024-03-23T09:00:24Z,25741421,449842,PT39S
iKKCX58PN2s,Broken screen life hack,2024-03-19T18:18:38Z,2936864,161568,PT59S
UV_wiY4L8Lg,#boardgames,2024-03-19T05:48:09Z,343676,11707,PT58S
qmbZJRnoErw,Click‚û°Ô∏èFunny VideoüòÇüòÇüòÇ ‚¨ÖÔ∏è Alina Saito Compilation,2024-03-18T03:54:22Z,867080,5791,PT46M53S
6Dz3rvfdShI,Magic slime,2024-03-17T18:06:20Z,1210139,49402,PT57S
EyxwLKc9u1o,Magic slime,2024-03-17T18:04:17Z,200227,9542,PT49S
Ir4awbgMLt4,Carrot vs Pepsi,2024-03-16T05:37:59Z,105498,5271,PT25S
vzOGDHLqoIg,Tin foil nails,2024-03-06T18:25:37Z,64447365,1973761,PT55S
i_PKnmhDfes,Spiral Bubble #lifehacks,2024-03-04T16:32:40Z,1974605,77774,PT59S
Lc1hYVO9T9g,Pine cone mystery #lifehacks,2024-02-26T16:09:05Z,95503,5444,PT23S
asJELA8QHug,Rainbow tape ball,2024-02-26T03:15:22Z,27149773,868259,PT59S
s4mKNPmtQEM,Rainbow drink life hack,2024-02-24T06:18:31Z,5715288,277001,PT1M
b4fS41tViKA,Rainbow drink life hack,2024-02-24T06:16:11Z,248040,11453,PT50S
kTsBFBSTf60,Mini bag sealer,2024-02-20T17:41:50Z,17333620,312994,PT58S
W9eE2Frkrg8,Mini Bag sealer,2024-02-20T17:40:41Z,119558741,2709844,PT54S
9e9XNMaf1wI,Money gun,2024-02-18T07:02:10Z,51840493,908711,PT36S
DtDJF36lbMM,Money gun,2024-02-18T06:52:39Z,8355283,112917,PT30S
Oac0OCc73FU,Winter life hack,2024-02-18T05:01:57Z,18985887,647873,PT59S
WMzm4gH3KAk,Magic sakura,2024-02-16T09:00:23Z,85715,4773,PT57S
TKzsHc48EqA,Honey jelly,2024-02-16T07:01:13Z,19480958,542836,PT1M
nLQgNigytoI,Winter life hack #lifehacks,2024-02-15T12:08:29Z,45057708,1781774,PT59S
zQwR1SgwXlc,Winter Life hack #lifehacks,2024-02-15T12:06:07Z,112421,4626,PT55S
ZRq27fj6olo,Potato charger hack,2024-02-15T10:15:01Z,400846,13073,PT34S
VfCc5pPSEs8,Gummy bear life hack,2024-02-13T11:15:02Z,25507050,393180,PT33S
M2FQ_GccHv8,Glue slime life hack,2024-02-13T10:15:00Z,21865925,573657,PT34S
pR1oqExdM18,Funny Videos Alina Saito Compilation,2024-02-13T04:38:02Z,22530,294,PT2M25S
0rPs55Agj0k,slime transformation #lifehacks,2024-02-12T11:15:00Z,17725468,609331,PT36S
9iM4JrJqhI4,slime transformation #lifehacks,2024-02-12T11:00:07Z,1411765,45070,PT21S
JCtd-g2YlYM,Instant chip maker #lifehacks,2024-02-12T09:38:58Z,286181,10734,PT37S
j4ziVb_eGEQ,Instant chip maker #lifehacks Ôøº,2024-02-12T09:36:54Z,48058,2028,PT31S
DegYbhKQGz8,Fanta slime life hack,2024-02-12T09:15:00Z,184249,5768,PT45S
mwOLOOeHZ_I,Fanta slime life hack,2024-02-12T09:00:36Z,33436,1409,PT42S
WmBls-dAEsM,Waterproof sand #lifeahcks,2024-02-11T11:15:01Z,127567,4303,PT58S
S8phvrYRaB4,Waterproof sand #lifehacks,2024-02-11T11:00:31Z,39074,1838,PT51S
AC5JaRmstf0,Spinning frisbee in the snow #lifehacks,2024-02-10T15:27:37Z,37770950,679629,PT57S
Co4vtbetwl8,Extra fingers #lifehacks,2024-02-10T11:00:11Z,202631852,8255394,PT14S
hczTECG73O8,Marshmallow life hack,2024-02-10T10:00:28Z,161619,5079,PT33S
tyhzVg_3pmE,Swirl in water #lifehacks,2024-02-09T10:15:03Z,94362,3497,PT59S
D2BV2aMqIcU,T-Rex treasure,2024-02-09T09:00:08Z,37752,1370,PT37S
6xc3bcAyIyw,Hidden Mac USB,2024-02-08T11:15:00Z,85355273,2205987,PT59S
geI-6_PbP64,Hidden Mac USB,2024-02-08T11:00:37Z,10790663,195887,PT47S
vEhB11107rs,Spirograph #lifehacks,2024-02-08T09:15:04Z,95285,2986,PT59S
ujzWjTSelIs,Clay ASMR #lifehacks,2024-02-07T09:15:02Z,24576218,468438,PT59S
LMrN2jdy5Kk,Clay ASMR #lifehacks,2024-02-07T09:00:23Z,15340789,233834,PT55S
lomwirLIrS8,Perfume hand cream #lifehacks,2024-02-06T09:00:40Z,21984,1013,PT52S
LuKtQik9zNc,Water waffles #lifehacks,2024-02-05T09:15:00Z,68557,2091,PT59S
q3TustNe8nQ,How to eat candy without using your hands,2024-02-04T09:15:02Z,20726745,344225,PT59S
Rx0k1j7kkPk,PEZ life hack,2024-02-03T11:00:24Z,28096,1216,PT31S
DeoKvRFUtd8,Hair gel life hack,2024-02-03T10:15:00Z,56070,1987,PT53S
-b9XcLBQPro,Hair gel life hack,2024-02-03T10:00:00Z,16231,893,PT50S
aOFIX7IiJbI,Jaws bath bomb,2024-02-03T09:15:01Z,12711172,312614,PT59S
D06Boni4IwY,Handy crepe maker #lifehacks,2024-02-01T16:54:47Z,52640,2925,PT58S
ZxgZ1MmhYpo,DIY fidget toy#lifehacks,2024-02-01T09:15:04Z,26916487,610088,PT48S
UcleJt1cTUM,Incredible slime #lifehacks,2024-01-31T11:00:22Z,9902076,191274,PT55S
H6HoNdziogg,Cola jelly #lifehacks,2024-01-31T09:15:00Z,11014950,186503,PT59S
jINxKNAhP_k,Toothpaste life hack,2024-01-30T11:15:02Z,23620370,445674,PT56S
CsNA2qxkUMY,Water fireworks #lifehacks,2024-01-29T09:15:00Z,79615,3534,PT58S
ZV88pUlJkMI,Noodle stamp  #lifehacks,2024-01-28T09:15:01Z,56221,2179,PT48S
00A35_B3ry0,Rainbow rose #lifehacks,2024-01-27T11:00:00Z,26315,1794,PT38S
hd6wPt-5ivk,Amazing Life Hacks Alina Saito Compilation,2024-01-27T08:01:56Z,35835,464,PT8M48S
dqDWIo1BAv0,Top10 Amazing Life Hacks Compilation,2024-01-25T14:33:32Z,10495,181,PT8M48S
mIgVOGPkVX0,Magic sakura,2024-01-25T11:15:03Z,53058,2390,PT59S
Yo0xh-oIpj4,Super glue life hack,2024-01-24T11:15:02Z,107494,3049,PT23S
uhIFNe0jxMo,Infinity chocolate,2024-01-22T11:15:05Z,173811,5898,PT48S
a1Bd94Hb7Pk,Soda transformation life hack,2024-01-21T10:15:01Z,59663,2912,PT45S
r0aCHDjrMuc,Extra fingers life hack,2024-01-20T13:55:06Z,56694416,2904463,PT14S
7pHHrIZLKfg,Magic Sakura,2024-01-16T16:30:17Z,300362,20007,PT59S
Tz2WhAvamjg,Magic Sakura,2024-01-16T16:26:30Z,55103,3834,PT57S
jo9eNPP_9P8,Pop tube asmr,2024-01-14T15:41:11Z,474615,19085,PT59S
WoexOhGdoIs,Tattoo life hack,2024-01-11T15:07:44Z,645305,25065,PT29S
Sa5fg3PMULI,Potato charger hack,2024-01-10T17:15:35Z,189993,7153,PT34S
18PCjqlWZKM,Glue life hack,2024-01-09T07:23:40Z,49935,2090,PT23S
9eQiJd3FrVI,Glue life hack,2024-01-09T07:24:27Z,8196915,147983,PT27S
9Uo_9FXxFs0,How to clean your iPhone case #lifehacks,2024-01-07T10:13:25Z,7729598,296641,PT47S
09bl9IIGQRo,How to clean your iPhone case #lifehacks,2024-01-07T10:10:49Z,74240,4372,PT44S
Il65JAn_qG0,Infinity water glitch,2024-01-04T07:00:56Z,416216,20551,PT52S
Ymvopr3aC6g,T-REX treasure,2024-01-03T18:21:09Z,39479,2115,PT35S
PFYQXWw1jug,Gummy bear life hack,2024-01-02T18:26:13Z,11059337,191893,PT33S
bfDg4zhd4VQ,Chocolate letters #lifehacks,2023-12-30T16:56:57Z,460066,19667,PT58S
ho-55_aOXM4,Chocolate letters #lifehacks,2023-12-30T16:53:56Z,52559,3142,PT47S
scHSdjZ6C9k,Glue life hack,2023-12-28T18:44:00Z,59135,3338,PT20S
yt1D8oZKmkE,Infinity chocolate #lifehacks,2023-12-25T17:22:21Z,10516631,497109,PT48S
UZgm4nTtYV8,Infinity chocolate #lifehacks,2023-12-25T17:20:51Z,73499,3956,PT38S
0hMJ7KSGx9Q,#lifehacks,2023-12-21T17:25:26Z,9795276,402261,PT36S
QN0ySZrJhoA,#lifehacks,2023-12-21T17:24:11Z,76552,3960,PT21S
cs6_yJBJfdQ,#lifehacks,2023-12-21T16:47:03Z,330008,12941,PT46S
rsEAl2hQ4kM,Waterproof sand,2023-12-20T16:42:48Z,3136909,178226,PT58S
hk5M8ebrqjw,Wireless charger hack,2023-12-19T15:47:08Z,50661313,1263058,PT34S
coHWtL83DOg,Wireless charger hack,2023-12-19T15:45:56Z,55104,2247,PT28S
aO9acmA4pi4,Clay ASMR,2023-12-17T17:14:00Z,18175646,307799,PT59S
hTOUHsbpFt0,Clay ASMR,2023-12-17T17:10:45Z,9344142,134503,PT54S
FQW9amvx_m0,Foil ball life hack,2023-12-16T17:49:57Z,70242,3044,PT47S
KkTmKcQ1QbY,3D calendar,2023-12-13T15:49:49Z,98367,3237,PT22S
gEi9L6NpLpc,Marshmallow life hack,2023-12-12T16:20:19Z,8719935,370823,PT49S
vlxqz_xHJFI,Glove controlled car #lifehacks,2023-12-06T06:59:29Z,16478892,314868,PT59S
MGmVI2SxAbc,How to eat candy without using your hands #lifehacks,2023-12-06T06:13:26Z,10240983,176169,PT54S
lV5NU_M_u8w,Pez life hack,2023-12-06T05:22:37Z,9422794,124552,PT39S
rNyE2gtxzEo,Pez life hack,2023-12-06T05:20:35Z,23626731,269123,PT31S
ieu8AFxhgjo,Tattoo life hack,2023-12-03T17:38:59Z,329920,12697,PT29S
ZiZm5GL4Fgs,Swirl in water #lifehacks,2023-12-01T16:03:02Z,481342,21028,PT59S
TvUuCR2q6ds,T-REX treasure,2023-11-29T17:20:39Z,3934883,130828,PT58S
LiJ0nuR8tzc,DIY fidget toy #lifehacks,2023-11-24T15:13:05Z,6835842,157726,PT48S
ghpe8WXLiTI,French fry USB #lifehacks,2023-11-21T06:43:37Z,95382620,2470555,PT59S
fyIc0TgKoVY,Chocolate life hack #lifehacks,2023-11-19T17:50:27Z,8724494,341706,PT58S
_aOJ9NiF7EY,Cola jelly #lifehacks,2023-11-16T10:15:19Z,50725449,1035168,PT59S
TCEyo9frsdE,Toothpaste #lifehacks,2023-11-16T09:56:39Z,8673583,184381,PT56S
6NI_rMQuE3c,Water fireworks #lifehacks,2023-11-16T09:06:25Z,24090652,553308,PT58S
UUcWxQG1CNg,Cat litter art #lifehacks,2023-11-16T08:52:46Z,1650225,43501,PT55S
mg-TPTntl1M,Home Screen life hack #lifehacks,2023-11-14T05:49:44Z,50452554,1291729,PT40S
tOpsdwEPfMY,DIY fidget toy #lifehacks,2023-11-07T19:00:49Z,1534403,46447,PT46S
KEMXbYVi4tg,Spirograph,2023-11-02T18:21:25Z,45770519,1058793,PT59S
d6Oo7SNa7so,Coke capsules #lifehacks,2023-11-01T16:40:11Z,13947540,529596,PT54S
Z-iFGHWzPY0,How to change your hair color #lifehacks,2023-10-28T15:52:23Z,24678197,865110,PT51S
8TCwuSop80o,Clay cracking #lifehacks,2023-10-27T15:50:43Z,16189071,507103,PT59S
IGrh824Jabo,Clay cracking #lifehacks,2023-10-27T15:49:03Z,17512093,331036,PT55S
tzeMZOmdaOU,Cola jelly #lifehacks,2023-10-26T17:01:29Z,23014798,450502,PT59S
mtt73xgPtAU,Cola jelly,2023-10-26T16:59:39Z,4270724,80457,PT56S
bvTgTODNyEo,Sakura 3D calendar,2023-10-25T17:38:39Z,23866827,973775,PT59S
12MEheTE0mI,Toothpaste life hack #lifehacks,2023-10-23T16:47:28Z,8545561,208130,PT56S
ExMtSj0d2XA,Mysterious fabric,2023-10-22T17:23:08Z,11543249,392569,PT45S
0IUD1O32edY,Water Waffles #lifehacks,2023-10-18T16:47:55Z,5597781,235140,PT59S
-G0-kNNp5M4,Bird watching life hack #lifehacks,2023-10-14T19:42:44Z,12145672,209817,PT59S
mWzhIbfOXr8,Bird watching life hack #lifehacks,2023-10-14T19:41:14Z,15390865,236891,PT48S
T1g_-fq_h-s,How to split your drink #lifehacks,2023-10-13T19:32:04Z,18632912,421179,PT45S
-eCH4BiDUKw,Home Screen life hack #lifehacks,2023-10-12T18:21:46Z,8650579,255523,PT41S
AuKc7MuAfwk,Glove controlled car,2023-10-11T16:15:58Z,126191774,2886556,PT59S
